{
    "1": {
        "floor": [
            "000000S0000000000000",
            "0      0000        0",
            "0 000000000 000000 0",
            "0       000 000000 0",
            "0000000 000 000000 0",
            "0000000 000 000000 0",
            "0       000 000000 0",
            "0 000000000 000000 0",
            "0         0 000000 0",
            "000000000 0 000000 0",
            "0         0 000000 0",
            "0 000000000 000000 0",
            "0         0 000000 0",
            "000000000 0 000000 0",
            "0         0 0      0",
            "0 000000000 0 000000",
            "0 0   00000 0      E",
            "0 0 0 00000 00000000",
            "0   0              0",
            "00000000000000000000"
        ],
        "waves": [
            [
                {"enemy":"Red triangle", "count":20, "delay":0.2}
            ],
            [
                {"enemy":"Red triangle", "count":10, "delay":0.2},
                {"enemy":"Blue circle", "count":10, "delay":0.3}
            ],
            [
                {"enemy":"Red triangle", "count":10, "delay":0.2},
                {"enemy":"Blue circle", "count":10, "delay":0.3},
                {"enemy":"Pink square", "count":10, "delay":0.4}
            ],
            [
                {"enemy":"Red triangle", "count":10, "delay":0.2},
                {"enemy":"Blue circle", "count":10, "delay":0.3},
                {"enemy":"Pink square", "count":10, "delay":0.4},
                {"enemy":"Orange octagon", "count":10, "delay":0.5}
            ]
        ],
        "reward": 10
    },
    "2": {
        "floor": [
            "000000S0000000000000",
            "0       000        0",
            "0       000 000000 0",
            "0       000 000000 0",
            "0000000 000 000000 0",
            "0000000 000 000000 0",
            "0       000 000000 0",
            "0       000 000000 0",
            "0         0 000000 0",
            "0000000   0 000000 0",
            "0         0 000000 0",
            "0   0000000 000000 0",
            "0         0 000000 0",
            "0000000   0 000000 0",
            "0         0 000000 0",
            "0 000000000 000000 0",
            "0 0   00000  00000 E",
            "0 0 0 000000 0000000",
            "0   0        0000000",
            "00000000000000000000"
        ],
        "waves": [
            [
                {"enemy":"Blue circle", "count":20, "delay":0.25}
            ],
            [
                {"enemy":"Blue circle", "count":20, "delay":0.25},
                {"enemy":"Pink square", "count":20, "delay":0.3}
            ],
            [
                {"enemy":"Blue circle", "count":20, "delay":0.25},
                {"enemy":"Pink square", "count":20, "delay":0.3},
                {"enemy":"Orange octagon", "count":20, "delay":0.4}
            ]
        ],
        "reward": 10
    }
}